Designator,Val,Package,Mid X,Mid Y,Rotation,Layer
BZ1,Buzzer,Buzzer_12x9.5RM7.6,91.948,-145.034,-90.0,top
C1,4.7uF,C_0805_2012Metric,101.7118,-147.56,90.0,top
C10,10uF,C_1206_3216Metric,96.46,-132.164997,-90.0,top
C100,10nF,C_0402_1005Metric,38.4196,-75.7372,180.0,top
C101,100nF,C_0805_2012Metric,33.307,-92.2178,0.0,top
C102,100nF,R_0402_1005Metric,34.11,-113.44,315.0,bottom
C103,10nF,C_0402_1005Metric,42.33,-112.39,270.0,bottom
C104,1nF,C_0402_1005Metric,53.1346,-74.4972,0.0,top
C105,10nF,C_0402_1005Metric,50.4946,-75.7372,180.0,top
C106,100nF,C_0805_2012Metric,45.3974,-92.218601,180.0,top
C107,NA,C_0402_1005Metric,52.21,-124.07,135.0,top
C108,10nF,C_0402_1005Metric,54.5592,-114.7032,270.0,bottom
C109,1nF,C_0402_1005Metric,65.2096,-74.4972,0.0,top
C11,10uF,C_1206_3216Metric,96.44,-137.154999,90.0,top
C110,10nF,C_0402_1005Metric,62.5696,-75.7372,180.0,top
C111,100nF,C_0805_2012Metric,57.4878,-92.2186,180.0,top
C112,100nF,C_0402_1005Metric,55.63,-120.32,270.0,bottom
C113,1nF,C_0402_1005Metric,28.99,-74.5,0.0,top
C114,10nF,C_0402_1005Metric,55.7276,-114.7272,270.0,bottom
C115,1nF,C_0402_1005Metric,77.2824,-74.4884,0.0,top
C116,10nF,C_0402_1005Metric,74.6424,-75.7284,180.0,top
C117,100nF,C_0805_2012Metric,69.5556,-92.2186,180.0,top
C118,100nF,C_0402_1005Metric,59.08,-142.3,-90.0,top
C119,10nF,C_0402_1005Metric,56.8452,-114.7292,270.0,bottom
C12,10uF,C_1206_3216Metric,98.8784,-137.154998,90.0,top
C120,1nF,C_0402_1005Metric,89.3524,-74.4784,0.0,top
C121,10nF,C_0402_1005Metric,86.7124,-75.7184,180.0,top
C122,100nF,C_0805_2012Metric,81.6432,-92.2186,180.0,top
C123,NA,C_0402_1005Metric,43.589411,-127.740589,315.0,bottom
C124,10nF,C_0402_1005Metric,56.46,-117.37,315.0,bottom
C125,1nF,C_0402_1005Metric,101.4224,-74.4884,0.0,top
C126,10nF,C_0402_1005Metric,98.7824,-75.7284,180.0,top
C127,100nF,C_0805_2012Metric,93.7082,-92.2178,180.0,top
C128,NA,C_0402_1005Metric,44.89,-147.19,135.0,bottom
C129,10nF,C_0402_1005Metric,54.5852,-118.8212,0.0,bottom
C13,10uF,C_1206_3216Metric,98.8984,-132.164997,-90.0,top
C130,1nF,C_0402_1005Metric,113.4924,-74.4984,0.0,top
C131,10nF,C_0402_1005Metric,110.8524,-75.7384,180.0,top
C132,100nF,C_0805_2012Metric,105.7732,-92.2186,180.0,top
C133,100nF,R_0402_1005Metric,111.02,-154.74,-90.0,top
C134,100nF,R_0402_1005Metric,107.85,-161.99,0.0,top
C135,100nF,R_0402_1005Metric,103.22,-161.99,0.0,top
C136,100nF,R_0402_1005Metric,98.58,-161.99,0.0,top
C137,100nF,R_0402_1005Metric,93.96,-161.99,0.0,top
C138,100nF,R_0402_1005Metric,89.33,-161.99,0.0,top
C139,100nF,R_0402_1005Metric,84.72,-161.99,0.0,top
C14,10nF,C_0603_1608Metric,84.6,-108.3,90.0,top
C140,100nF,R_0402_1005Metric,80.1,-161.99,0.0,top
C141,100nF,R_0402_1005Metric,75.44,-161.99,0.0,top
C142,100nF,R_0402_1005Metric,70.82,-161.99,0.0,top
C143,100nF,R_0402_1005Metric,66.16,-161.99,0.0,top
C144,100nF,R_0402_1005Metric,61.57,-161.99,0.0,top
C145,100nF,R_0402_1005Metric,56.94,-161.99,0.0,top
C146,100nF,R_0402_1005Metric,52.33,-161.99,0.0,top
C147,100nF,R_0402_1005Metric,47.7,-161.99,0.0,top
C148,100nF,R_0402_1005Metric,43.1,-161.99,0.0,top
C149,100nF,R_0402_1005Metric,38.4,-161.99,0.0,top
C15,10nF,C_0603_1608Metric,87.3,-108.3,90.0,top
C150,100nF,R_0402_1005Metric,20.7,-113.02,0.0,top
C16,10nF,C_0603_1608Metric,89.15,-108.3,90.0,top
C17,10nF,C_0603_1608Metric,91.8,-108.3,90.0,top
C18,220pF,C_0402_1005Metric,70.06,-124.96,0.0,top
C19,470nF,C_0805_2012Metric,81.8,-121.58,0.0,top
C2,100nF,C_0402_1005Metric,71.92,-110.53,0.0,top
C20,100nF,R_0402_1005Metric,94.3,-113.45,-90.0,top
C21,100pF/50V,C_0402_1005Metric,86.34,-135.55,-90.0,top
C22,100nF/50V,C_0402_1005Metric,85.29,-135.55,-90.0,top
C23,1nF,C_0402_1005Metric,72.67,-128.89,90.0,top
C24,10nF,C_0402_1005Metric,71.59,-128.89,90.0,top
C25,2.2uF,C_0805_2012Metric,70.25,-135.66,0.0,top
C26,2.2uF,C_0805_2012Metric,70.26,-137.89,0.0,top
C27,22uF,CP_Elec_6.3x9.9,71.47,-153.56,180.0,top
C28,4.7uF,C_1206_3216Metric,84.2075,-147.5675,90.0,top
C29,4.7uF,C_1206_3216Metric,73.4075,-147.5675,90.0,top
C3,1uF,C_0805_2012Metric,110.1344,-64.0,180.0,top
C30,0.1uF,C_0805_2012Metric,81.7075,-147.1425,90.0,top
C31,0.1uF,C_0805_2012Metric,75.9075,-147.142499,90.0,top
C32,47nF,C_0402_1005Metric,34.542301,-121.903876,225.0,bottom
C33,47nF,C_0402_1005Metric,35.23173,-121.214447,225.0,bottom
C34,47nF,C_0402_1005Metric,35.921159,-120.525018,225.0,bottom
C35,47nF,C_0402_1005Metric,36.610589,-119.835589,225.0,bottom
C36,47nF,C_0402_1005Metric,37.300018,-119.14616,225.0,bottom
C37,47nF,C_0402_1005Metric,37.989447,-118.456731,225.0,bottom
C38,47nF,C_0402_1005Metric,38.682411,-117.763766,225.0,bottom
C39,47nF,C_0402_1005Metric,39.368305,-117.077873,225.0,bottom
C4,4.7uF,C_0603_1608Metric,112.466811,-60.113,-90.0,top
C40,1F,CAPCP3225X100N,61.37,-127.63,-135.0,top
C41,4u7,R_0402_1005Metric,25.72,-131.04,45.0,top
C42,10pF,R_0402_1005Metric,49.446212,-122.995968,135.0,top
C43,1uF,R_0402_1005Metric,46.4,-119.6,45.0,top
C44,100nF,R_0402_1005Metric,32.77,-129.71,135.0,bottom
C45,100nF,R_0402_1005Metric,47.97,-144.24,-135.0,top
C46,10pF,R_0402_1005Metric,52.779528,-119.909493,-45.0,top
C47,100nF,R_0402_1005Metric,45.572402,-118.764573,45.0,top
C48,100nF,R_0402_1005Metric,36.39,-126.15,135.0,bottom
C49,100nF,R_0402_1005Metric,38.438705,-149.069737,-135.0,top
C5,1uF,C_0805_2012Metric,101.7256,-141.7156,90.0,top
C50,100nF,R_0402_1005Metric,40.85,-121.375,135.0,bottom
C51,100nF,R_0402_1005Metric,36.53,-140.73,45.0,bottom
C52,100nF,R_0402_1005Metric,44.229376,-125.330624,315.0,bottom
C53,100nF,R_0402_1005Metric,50.58,-124.9,-45.0,top
C54,1uF,C_0805_2012Metric,102.15,-133.590028,90.0,top
C55,4.7uF,C_0603_1608Metric,106.3192,-137.139928,180.0,top
C56,47nF,C_0402_1005Metric,75.2075,-143.9675,0.0,top
C57,10pF,C_0402_1005Metric,80.5175,-153.007501,0.0,top
C58,22uF,C_1206_3216Metric,82.6075,-140.667499,-90.0,top
C59,22uF,C_1206_3216Metric,75.0075,-140.6675,-90.0,top
C6,10uF,C_1206_3216Metric,96.44,-137.156798,90.0,bottom
C60,1uF,C_0402_1005Metric,78.3825,-151.3515,-90.0,top
C61,10uF,C_1206_3216Metric,75.48,-154.527499,270.0,bottom
C62,10uF,C_1206_3216Metric,73.13,-154.517499,270.0,bottom
C63,2.2uF,C_1206_3216Metric,70.77,-154.517499,270.0,bottom
C64,100nF,C_0402_1005Metric,51.308,-115.824,180.0,top
C65,100nF,C_0402_1005Metric,45.64,-115.83,180.0,top
C66,100nF,R_0402_1005Metric,20.58,-124.64,90.0,top
C67,220pF,C_0402_1005Metric,70.03,-127.29,0.0,top
C68,470nF,C_0805_2012Metric,102.39,-121.57,0.0,top
C69,100nF,R_0402_1005Metric,102.75,-113.45,-90.0,top
C7,10uF,C_1206_3216Metric,98.8784,-137.156798,90.0,bottom
C70,10nF,C_0603_1608Metric,105.223,-108.2298,90.0,top
C71,10nF,C_0603_1608Metric,107.9334,-108.3228,90.0,top
C72,10nF,C_0603_1608Metric,109.623,-108.3228,90.0,top
C73,10nF,C_0603_1608Metric,112.348,-108.2548,90.0,top
C74,100nF,C_0402_1005Metric,21.725,-140.0,-45.0,top
C75,10nF,C_0402_1005Metric,24.79,-142.0,-135.0,top
C76,100nF,C_0402_1005Metric,25.58,-142.77,-135.0,top
C77,100nF,C_0402_1005Metric,32.76,-136.92,45.0,bottom
C78,100nF,C_0402_1005Metric,55.930589,-136.179411,-135.0,top
C79,100nF,C_0402_1005Metric,37.54,-148.12,-135.0,top
C8,10uF,C_1206_3216Metric,98.8984,-132.163197,270.0,bottom
C80,100nF,C_0402_1005Metric,42.907606,-122.433926,225.0,bottom
C81,100nF,C_0402_1005Metric,51.54,-140.6,-135.0,top
C82,100nF,C_0402_1005Metric,24.94,-130.21,45.0,top
C83,1uF,C_0402_1005Metric,42.175,-123.175,225.0,bottom
C84,10pF,C_0402_1005Metric,54.010589,-128.170589,135.0,top
C85,10pF,C_0402_1005Metric,57.846243,-124.131427,-45.0,top
C86,100nF,C_0402_1005Metric,50.58,-153.54,270.0,bottom
C87,100nF,C_0402_1005Metric,48.26,-106.426,0.0,bottom
C88,1000uF,CP_Radial_D12.5mm_P5.00mm,24.487927,-62.869028,20.0,top
C89,100nF,R_0402_1005Metric,30.48,-120.11,225.0,bottom
C9,10uF,C_1206_3216Metric,96.46,-132.163197,270.0,bottom
C90,1uF,C_0805_2012Metric,115.255617,-64.0,180.0,top
C91,100nF,R_0402_1005Metric,101.7,-151.65,-90.0,top
C92,4.7uF,C_0603_1608Metric,117.764417,-60.113,-90.0,top
C93,10nF,C_0402_1005Metric,40.025,-111.965,-90.0,top
C94,10nF,C_0402_1005Metric,26.35,-75.74,180.0,top
C95,100nF,C_0805_2012Metric,21.242,-92.2178,180.0,top
C96,100nF,R_0402_1005Metric,30.510624,-117.169376,315.0,bottom
C97,100nF,R_0402_1005Metric,34.18,-116.33,225.0,bottom
C98,10nF,C_0402_1005Metric,41.2,-115.0,-90.0,top
C99,1nF,C_0402_1005Metric,41.0596,-74.4972,0.0,top
D1,BAT54SW,SOT-323_SC-70,41.5,-109.5,90.0,bottom
D10,WS2812B-2020,WS2812B2020,38.855,-159.47,0.0,top
D11,WS2812B-2020,WS2812B2020,108.204,-159.47,0.0,top
D12,WS2812B-2020,WS2812B2020,43.4842,-159.47,0.0,top
D13,WS2812B-2020,WS2812B2020,103.5982,-159.47,0.0,top
D14,WS2812B-2020,WS2812B2020,48.107,-159.47,0.0,top
D15,WS2812B-2020,WS2812B2020,98.9838,-159.4746,0.0,top
D16,WS2812B-2020,WS2812B2020,52.7298,-159.47,0.0,top
D17,WS2812B-2020,WS2812B2020,94.361,-159.4612,0.0,top
D18,WS2812B-2020,WS2812B2020,57.3526,-159.47,0.0,top
D19,WS2812B-2020,WS2812B2020,89.7382,-159.4612,0.0,top
D2,BAT54SW,SOT-323_SC-70,42.45,-101.35,90.0,bottom
D20,WS2812B-2020,WS2812B2020,61.9754,-159.47,0.0,top
D21,WS2812B-2020,WS2812B2020,85.1148,-159.47,0.0,top
D22,WS2812B-2020,WS2812B2020,66.5728,-159.47,0.0,top
D23,BAT54BRW-7-F,SOT65P210X110-6N,27.395,-108.025,0.0,top
D24,BAT54BRW-7-F,SOT65P210X110-6N,23.92,-108.03,0.0,top
D25,BAT54BRW-7-F,SOT65P210X110-6N,34.955,-108.025,0.0,top
D26,BAT54BRW-7-F,SOT65P210X110-6N,31.47,-108.025,0.0,top
D27,PESD2CANFD24L-UX,SOT65P210X110-3N,51.308,-101.5492,270.0,bottom
D28,PESD2CANFD24L-UX,SOT65P210X110-3N,45.5676,-101.5444,270.0,bottom
D29,WS2812B-2020,WS2812B2020,80.492,-159.47,0.0,top
D3,BAT54SW,SOT-323_SC-70,54.775,-105.7,90.0,top
D30,WS2812B-2020,WS2812B2020,71.2204,-159.47,0.0,top
D31,WS2812B-2020,WS2812B2020,75.8438,-159.47,0.0,top
D32,WS2812B-2020,WS2812B2020,108.199,-154.7412,180.0,top
D33,LED,LED_0402_1005Metric,57.99,-130.94,45.0,top
D34,LED,LED_0805_2012Metric,86.2,-138.862499,90.0,top
D35,LED,LED_0805_2012Metric,112.0,-135.362499,90.0,top
D36,WS2812B-2020,WS2812B2020,103.514,-154.7412,180.0,top
D37,BAT54SW,SOT-323_SC-70,65.13,-139.73,-90.0,top
D38,BAT54SW,SOT-323_SC-70,68.39,-115.88,90.0,bottom
D39,BAT54SW,SOT-323_SC-70,72.86,-123.22,0.0,top
D4,BAT54SW,SOT-323_SC-70,46.88,-148.01,0.0,top
D40,BAT54SW,SOT-323_SC-70,72.9,-126.29,180.0,top
D41,SZMM5Z3V9,D_SOD-523,40.61,-98.89,0.0,bottom
D42,SZMM5Z3V9,D_SOD-523,42.41,-90.17,0.0,bottom
D43,SZMM5Z3V9,D_SOD-523,62.738,-90.678,180.0,bottom
D44,SZMM5Z3V9,D_SOD-523,39.75,-101.58,0.0,bottom
D45,SZMM5Z3V9,D_SOD-523,67.31,-86.868,270.0,bottom
D46,SZMM5Z3V9,D_SOD-523,59.436,-96.012,180.0,bottom
D47,SZMM5Z3V9,D_SOD-523,79.248,-111.506,45.0,bottom
D48,SZMM5Z3V9,D_SOD-523,78.232,-112.522,45.0,bottom
D49,SZMM5Z3V9,D_SOD-523,75.65,-123.35,-90.0,top
D5,BAT54SW,SOT-323_SC-70,41.25,-105.9,90.0,bottom
D50,SZMM5Z3V9,D_SOD-523,75.63,-126.39,-90.0,top
D51,SMC_TVS_28V,D_SMC,22.3012,-98.0948,0.0,top
D52,D_TVS,D_SMC,82.24,-128.43,180.0,top
D53,1N4448WS,D_SOD-323,101.11,-144.68,180.0,top
D54,1N4448WS,D_SOD-323,102.1,-137.35,-90.0,top
D55,TSD05,D_SOD-323,57.4,-56.15,90.0,bottom
D56,TSD05,D_SOD-323,55.45,-56.15,90.0,bottom
D57,TSD05,D_SOD-323,53.5,-56.15,90.0,bottom
D58,TSD05,D_SOD-323,51.55,-56.15,90.0,bottom
D59,TSD05,D_SOD-323,49.6,-56.15,90.0,bottom
D6,BAT54SW,SOT-323_SC-70,55.7,-109.1,-90.0,top
D60,TSD05,D_SOD-323,47.65,-56.15,90.0,bottom
D61,TSD05,D_SOD-323,45.7,-56.15,90.0,bottom
D62,TSD05,D_SOD-323,43.75,-56.15,90.0,bottom
D63,SZMM5Z5V3,D_SOD-523,24.1675,-110.14,0.0,bottom
D64,SZMM5Z5V3,D_SOD-523,27.56,-110.12,0.0,bottom
D65,SZMM5Z5V3,D_SOD-523,31.55,-110.12,0.0,bottom
D66,SZMM5Z5V3,D_SOD-523,34.85,-110.12,0.0,bottom
D67,SZMM5Z3V9,D_SOD-523,68.4,-113.31,180.0,bottom
D68,12V,D_SOD-323,66.09,-62.58,0.0,bottom
D69,SZMM5Z3V9,D_SOD-523,65.25,-142.32,180.0,top
D7,BAT54SW,SOT-323_SC-70,57.4,-105.7,90.0,top
D8,BAT54SW,SOT-323_SC-70,69.125,-110.125,90.0,bottom
D9,BAT54SW,SOT-323_SC-70,66.35,-110.875,90.0,bottom
F1,2A,Fuse_1206_3216Metric,77.04,-132.97,180.0,top
F10,7A,Fuse_1206_3216Metric,82.2452,-98.5744,90.0,bottom
F11,7A,Fuse_1206_3216Metric,86.193945,-98.577373,90.0,bottom
F12,7A,Fuse_1206_3216Metric,90.156345,-98.535773,90.0,bottom
F13,7A,Fuse_1206_3216Metric,94.1324,-98.5236,90.0,bottom
F14,7A,Fuse_1206_3216Metric,102.743,-98.679,90.0,bottom
F15,7A,Fuse_1206_3216Metric,106.76,-98.679,90.0,bottom
F16,7A,Fuse_1206_3216Metric,110.697,-98.682,90.0,bottom
F17,7A,Fuse_1206_3216Metric,114.808,-98.676,90.0,bottom
F18,100mA,Fuse_0805_2012Metric,108.85,-133.238529,-90.0,top
F19,100mA,Fuse_0805_2012Metric,115.046617,-57.573,0.0,top
F2,100mA,Fuse_0805_2012Metric,109.749011,-57.573,0.0,top
F20,2A,Fuse_0805_2012Metric,78.9065,-137.4539,-90.0,top
F21,Fuse,Fuse_1206_3216Metric,95.504,-73.8632,90.0,top
F22,Fuse,Fuse_1206_3216Metric,107.5944,-73.8124,90.0,top
F23,100mA,Fuse_0805_2012Metric,100.2,-151.5,90.0,top
F3,3A,Fuse_0805_2012Metric,105.2,-58.0,0.0,top
F4,Fuse,Fuse_1206_3216Metric,35.1028,-73.8124,90.0,top
F5,Fuse,Fuse_1206_3216Metric,47.244,-73.8124,90.0,top
F6,Fuse,Fuse_1206_3216Metric,59.2836,-73.8124,90.0,top
F7,Fuse,Fuse_1206_3216Metric,23.0632,-73.8124,90.0,top
F8,Fuse,Fuse_1206_3216Metric,71.374,-73.8124,90.0,top
F9,Fuse,Fuse_1206_3216Metric,83.4644,-73.8124,90.0,top
FB1,742792063,L_0805_2012Metric,82.6175,-134.22,180.0,top
IC1,BD50FD0WHFP-TR,BD50FD0WHFPTR,109.5776,-146.2844,-90.0,top
IC10,LDO40LPU50RY,SON95P300X300X90-7N-D,105.6546,-133.543528,0.0,top
IC12,TMP126NDCKR,SOT65P210X110-6N,47.803809,-153.532,0.0,top
IC14,LDO40LPU50RY,SON95P300X300X90-7N-D,115.155617,-60.7604,90.0,top
IC15,ASM330LHHTR,LGA-14_2.5X3X0.86_,24.2,-139.3,-45.0,top
IC16,BTS722204ESAXUMA1,SOP65P600X115-25N,108.779889,-116.872455,90.0,top
IC17,TS5A21366DCUR,SOP50P310X90-8N,48.4632,-105.4608,180.0,top
IC19,STM32L496ZGT6,QFP50P2200X2200X160-144N,41.394411,-133.27467,-135.0,top
IC2,74HC4067PW-Q100J,SOP65P640X110-24N,68.825,-115.417167,0.0,top
IC20,AT25SF128A-SHB-T,SOIC127P798X216-8N,25.985,-123.255,180.0,top
IC3,LDO40LPU33RY,SON95P300X300X90-7N-D,109.858011,-60.7604,90.0,top
IC7,BTS722204ESAXUMA1,SOP65P600X115-25N,88.213,-116.894,90.0,top
J1,DBG,Molex_PicoBlade_53047-0710_1x07_P1.25mm_Vertical,23.114,-147.1604,0.0,top
J2,6473427-1,64734271,67.818,-59.6355,180.0,top
J3,7461383,7461383,67.64,-100.44,0.0,top
J4,AUX,PinHeader_2x04_P1.00mm_Vertical_SMD,22.023354,-116.86,0.0,top
J5,SAFETY,Molex_PicoBlade_53047-0410_1x04_P1.25mm_Vertical,91.6124,-155.3484,0.0,top
J6,2305018-2,TE_2305018-2,30.48,-159.6638,0.0,top
J7,Conn_01x03_Pin,PinHeader_1x03_P2.00mm_Vertical,20.1,-109.0,0.0,top
L1,2u7 120m,L_0603_1608Metric,43.4,-124.36,315.0,bottom
L2,742792063,L_0805_2012Metric,69.93,-131.76,-90.0,top
L3,120uH / 3A,L_6.3x6.3_H3,91.06,-134.78,180.0,top
L4,XEL4020-102MEB,L_Coilcraft_XxL4020,70.38,-141.27,90.0,top
L5,2.2uH,L_Vishay_IHLP-1616,78.8325,-142.2675,90.0,top
Q1,Si2319CDS,SOT-23,75.16,-129.74,-90.0,top
Q10,BTS500101LUAAUMA1,BTS500101LUAAUMA1,109.982,-83.8116,180.0,top
Q11,AO3401A,SOT-23,116.7,-67.4,-90.0,top
Q2,RJU002N06FRAT106,SOT65P210X110-3N,97.4,-151.72,90.0,top
Q3,BTS500101LUAAUMA1,BTS500101LUAAUMA1,25.4508,-83.8108,180.0,top
Q4,BTS500101LUAAUMA1,BTS500101LUAAUMA1,37.5158,-83.8108,180.0,top
Q5,BTS500101LUAAUMA1,BTS500101LUAAUMA1,49.6062,-83.8116,180.0,top
Q6,BTS500101LUAAUMA1,BTS500101LUAAUMA1,61.6966,-83.8116,180.0,top
Q7,BTS500101LUAAUMA1,BTS500101LUAAUMA1,73.7644,-83.8116,180.0,top
Q8,BTS500101LUAAUMA1,BTS500101LUAAUMA1,85.852,-83.8116,180.0,top
Q9,BTS500101LUAAUMA1,BTS500101LUAAUMA1,97.917,-83.8108,180.0,top
R1,0Ohm,R_0402_1005Metric,56.173,-147.8823,0.0,bottom
R10,2.3k,R_0402_1005Metric,62.833333,-114.157167,0.0,top
R100,1.2k,R_0402_1005Metric,108.2052,-123.835862,-90.0,top
R101,4.7k,R_0402_1005Metric,110.6752,-123.835862,90.0,top
R102,4.7k,R_0402_1005Metric,111.9152,-123.835862,90.0,top
R103,4.7k,R_0402_1005Metric,113.1452,-123.835862,90.0,top
R104,4.7k,R_0402_1005Metric,114.3852,-123.835862,90.0,top
R105,1.2k,R_0402_1005Metric,114.360694,-119.877041,0.0,top
R106,4.7k,R_0402_1005Metric,64.37,-81.96,90.0,bottom
R107,4.7k,R_0402_1005Metric,40.68,-93.06,90.0,bottom
R108,1k5,R_0402_1005Metric,84.6,-138.1,90.0,top
R109,1k5,R_0402_1005Metric,111.990001,-133.006201,0.0,top
R11,10k,R_0402_1005Metric,62.833333,-115.397167,0.0,bottom
R110,4.7k,R_0402_1005Metric,67.31,-84.58,90.0,bottom
R111,4.7k,R_0402_1005Metric,66.548,-89.916,135.0,bottom
R112,4.7k,R_0402_1005Metric,80.772,-113.284,225.0,bottom
R113,4.7k,R_0402_1005Metric,80.01,-114.046,225.0,bottom
R114,4.7k,R_0402_1005Metric,93.83,-121.1,180.0,top
R115,4.7k,R_0402_1005Metric,114.320694,-121.087041,180.0,top
R116,0Ohm,R_0402_1005Metric,54.2172,-152.8353,90.0,top
R117,0Ohm,R_0402_1005Metric,57.316,-152.8353,90.0,top
R118,0Ohm,R_0402_1005Metric,60.4148,-152.8353,90.0,top
R119,0Ohm,R_0402_1005Metric,63.539,-152.8353,90.0,top
R12,10k,R_0402_1005Metric,62.833333,-114.157167,0.0,bottom
R120,31.6k,R_0402_1005Metric,80.5075,-150.7675,0.0,top
R121,NA,R_0402_1005Metric,83.9075,-151.9675,180.0,top
R122,NA,R_0402_1005Metric,53.61,-123.21,45.0,top
R123,NA,R_0402_1005Metric,44.38,-128.52,315.0,bottom
R124,2.32k,R_0402_1005Metric,67.21,-140.290001,-90.0,top
R125,1k/0.2W,R_0603_1608Metric,23.42,-105.155,-90.0,top
R126,1k/0.2W,R_0603_1608Metric,24.92,-105.155,-90.0,top
R127,100k,R_0402_1005Metric,27.51,-115.61,315.0,bottom
R128,100k,R_0402_1005Metric,27.51,-115.61,-135.0,top
R129,1k/0.2W,R_0603_1608Metric,26.42,-105.155,-90.0,top
R13,2.3k,R_0402_1005Metric,62.833333,-115.397167,0.0,top
R130,1k/0.2W,R_0603_1608Metric,27.92,-105.155,-90.0,top
R131,100k,R_0402_1005Metric,29.16,-113.96,45.0,top
R132,100k,R_0402_1005Metric,29.159376,-113.960624,135.0,bottom
R133,1k/0.2W,R_0603_1608Metric,30.985,-105.145,-90.0,top
R134,1k/0.2W,R_0603_1608Metric,32.485,-105.145,-90.0,top
R135,1k/0.2W,R_0603_1608Metric,34.01,-105.145,-90.0,top
R136,1k/0.2W,R_0603_1608Metric,35.51,-105.145,-90.0,top
R137,100k,R_0402_1005Metric,31.290624,-111.839376,315.0,bottom
R138,100k,R_0402_1005Metric,31.290624,-111.839376,-135.0,top
R139,100k,R_0402_1005Metric,35.533892,-110.586665,135.0,top
R14,2.3k,R_0402_1005Metric,62.833333,-112.917167,0.0,top
R140,100k,R_0402_1005Metric,37.025,-112.025,135.0,top
R141,10k,R_0402_1005Metric,67.2,-142.44,-90.0,top
R142,4k7,R_0402_1005Metric,22.098,-110.744,90.0,top
R15,10k,R_0402_1005Metric,62.833333,-116.637167,0.0,bottom
R159,0Ohm,R_0402_1005Metric,32.145163,-102.253334,90.0,bottom
R16,10k,R_0402_1005Metric,62.833333,-112.917167,0.0,bottom
R160,0Ohm,R_0402_1005Metric,32.84,-100.260004,270.0,bottom
R161,0Ohm,R_0402_1005Metric,33.463442,-102.28,90.0,bottom
R162,0Ohm,R_0402_1005Metric,34.143333,-100.26667,270.0,bottom
R163,0Ohm,R_0402_1005Metric,34.781721,-102.266667,90.0,bottom
R164,0Ohm,R_0402_1005Metric,35.446666,-100.273336,270.0,bottom
R165,0Ohm,R_0402_1005Metric,36.1,-102.275,90.0,bottom
R166,0Ohm,R_0402_1005Metric,36.75,-100.280002,270.0,bottom
R167,2.2k,R_0402_1005Metric,50.3197,-148.12,270.0,bottom
R168,1.2k,R_0402_1005Metric,51.5697,-148.12,90.0,bottom
R169,10k,R_0402_1005Metric,86.868,-155.954,270.0,bottom
R17,2.3k,R_0402_1005Metric,62.833333,-116.637167,0.0,top
R170,10k,R_0402_1005Metric,85.618,-155.964,270.0,bottom
R173,1k5,R_0402_1005Metric,31.24,-155.17,90.0,top
R174,22,R_0402_1005Metric,31.242,-155.3464,270.0,bottom
R175,1k5,R_0402_1005Metric,30.03,-155.17,90.0,top
R176,22,R_0402_1005Metric,30.0228,-155.3464,90.0,bottom
R177,5.1k,R_0402_1005Metric,28.702,-155.3464,90.0,bottom
R178,5.1k,R_0402_1005Metric,32.512,-155.321,90.0,bottom
R179,0,R_0402_1005Metric,25.325287,-153.3124,-90.0,top
R18,2.3k,R_0402_1005Metric,62.833333,-111.717167,0.0,top
R180,0,R_0402_1005Metric,26.595287,-153.3124,-90.0,top
R183,4.7k,R_0402_1005Metric,42.225,-115.015,90.0,top
R185,1k,R_0402_1005Metric,41.0596,-75.7472,180.0,top
R188,4.7k,R_0402_1005Metric,42.34,-112.4,90.0,top
R19,10k,R_0402_1005Metric,62.833333,-117.877167,0.0,bottom
R190,1k,R_0402_1005Metric,53.1346,-75.7472,180.0,top
R193,4.7k,R_0402_1005Metric,54.5592,-114.7084,90.0,top
R195,1k,R_0402_1005Metric,65.2096,-75.7472,180.0,top
R198,4.7k,R_0402_1005Metric,41.025,-111.94,90.0,top
R199,4.7k,R_0402_1005Metric,55.7276,-114.7318,90.0,top
R2,0Ohm,R_0402_1005Metric,59.1448,-147.8823,0.0,bottom
R20,1.2k,R_0402_1005Metric,83.91,-123.836662,-90.0,top
R201,1k,R_0402_1005Metric,77.2824,-75.7384,180.0,top
R204,4.7k,R_0402_1005Metric,56.8452,-114.7318,90.0,top
R206,1k,R_0402_1005Metric,89.3524,-75.7284,180.0,top
R209,4.7k,R_0402_1005Metric,56.46,-117.37,45.0,top
R21,1.2k,R_0402_1005Metric,85.15,-123.836662,-90.0,top
R211,1k,R_0402_1005Metric,101.4224,-75.7384,180.0,top
R214,4.7k,R_0402_1005Metric,54.5826,-118.8212,0.0,top
R216,1k,R_0402_1005Metric,113.4924,-75.7484,180.0,top
R22,1.2k,R_0402_1005Metric,86.39,-123.836662,-90.0,top
R23,1.2k,R_0402_1005Metric,87.62,-123.836662,-90.0,top
R24,4.7k,R_0402_1005Metric,90.09,-123.836662,90.0,top
R25,4.7k,R_0402_1005Metric,91.33,-123.836662,90.0,top
R26,4.7k,R_0402_1005Metric,92.56,-123.836662,90.0,top
R27,4.7k,R_0402_1005Metric,93.8,-123.836662,90.0,top
R28,47,R_0805_2012Metric,81.8225,-119.53,180.0,top
R29,470,R_0402_1005Metric,82.67,-123.836662,-90.0,top
R3,0Ohm,R_0402_1005Metric,62.269,-147.8823,0.0,bottom
R30,4.7k,R_0402_1005Metric,70.09,-123.85,180.0,top
R31,1.2k,R_0402_1005Metric,93.84,-119.88,0.0,top
R32,10k,R_0402_1005Metric,62.833333,-111.717167,0.0,bottom
R33,2.3k,R_0402_1005Metric,62.836666,-117.877167,0.0,top
R34,2.3k,R_0402_1005Metric,62.833333,-110.467167,0.0,top
R35,10k,R_0402_1005Metric,62.836666,-119.087167,0.0,bottom
R36,10k,R_0402_1005Metric,62.833333,-110.467167,0.0,bottom
R37,2.3k,R_0402_1005Metric,62.836666,-119.087167,0.0,top
R38,4.7k,R_0402_1005Metric,43.19,-88.07,90.0,bottom
R39,10k,R_0402_1005Metric,57.225,-145.125,0.0,top
R4,0Ohm,R_0402_1005Metric,65.3932,-147.8823,0.0,bottom
R40,10k,R_0402_1005Metric,60.375,-145.125,0.0,top
R41,10k,R_0402_1005Metric,63.45,-145.125,0.0,top
R42,10k,R_0402_1005Metric,66.5,-145.125,0.0,top
R43,EXB-2HV472JV,RES_EXB2HV,65.4988,-130.7156,90.0,top
R44,1.2k,R_0402_1005Metric,88.86,-123.836662,-90.0,top
R45,2.3k,R_0402_1005Metric,74.49,-110.457167,180.0,top
R46,10k,R_0402_1005Metric,74.493333,-119.077167,180.0,bottom
R47,10k,R_0402_1005Metric,74.49,-110.457167,180.0,bottom
R48,2.3k,R_0402_1005Metric,74.493333,-119.077167,180.0,top
R49,2.3k,R_0402_1005Metric,74.49,-111.667167,180.0,top
R5,1k,R_0402_1005Metric,55.4364,-152.8353,-90.0,top
R50,10k,R_0402_1005Metric,74.493333,-117.827167,180.0,bottom
R51,10k,R_0402_1005Metric,74.493333,-111.667167,180.0,bottom
R52,2.3k,R_0402_1005Metric,74.493333,-117.827167,180.0,top
R53,2.3k,R_0402_1005Metric,74.493333,-112.907167,180.0,top
R54,0,R_0805_2012Metric,59.65,-131.7,-135.0,top
R55,1k,R_0402_1005Metric,53.61,-138.56,-135.0,top
R56,10k,R_0402_1005Metric,34.6,-138.71,225.0,bottom
R57,10k,R_0402_1005Metric,50.58,-153.54,-90.0,top
R58,120,R_0402_1005Metric,51.8668,-105.41,90.0,top
R59,120,R_0402_1005Metric,45.1104,-105.41,90.0,top
R6,1k,R_0402_1005Metric,58.5352,-152.8353,-90.0,top
R60,0R0,R_0402_1005Metric,76.1825,-151.3515,90.0,top
R61,100k,R_0402_1005Metric,83.9075,-150.7675,180.0,top
R62,15k,R_0402_1005Metric,77.2825,-151.3515,90.0,top
R63,100k,R_0402_1005Metric,82.1069,-151.2675,90.0,top
R64,100k,R_0402_1005Metric,80.5175,-151.867501,180.0,top
R65,10k,R_0402_1005Metric,74.493333,-116.627167,180.0,bottom
R66,1k5,R_0402_1005Metric,57.22,-130.17,45.0,top
R67,1k,R_0402_1005Metric,28.99,-75.75,180.0,top
R68,1.2k,R_0402_1005Metric,32.800514,-120.411477,135.0,top
R69,2.2k,R_0402_1005Metric,32.800514,-120.411477,225.0,bottom
R7,1k,R_0402_1005Metric,61.634,-152.8353,-90.0,top
R70,1.2k,R_0402_1005Metric,33.504082,-119.701842,135.0,top
R71,2.2k,R_0402_1005Metric,33.504082,-119.701842,225.0,bottom
R72,1k,R_0402_1005Metric,96.66,-154.59,90.0,top
R73,10k,R_0402_1005Metric,30.2,-133.88,315.0,bottom
R74,10k,R_0402_1005Metric,29.400624,-133.069376,315.0,bottom
R75,1.2k,R_0402_1005Metric,34.207654,-118.992211,135.0,top
R76,2.2k,R_0402_1005Metric,34.207654,-118.992211,225.0,bottom
R77,1.2k,R_0402_1005Metric,34.908698,-118.280054,135.0,top
R78,2.2k,R_0402_1005Metric,34.908698,-118.280054,225.0,bottom
R79,1.2k,R_0402_1005Metric,35.615805,-117.572947,135.0,top
R8,1k,R_0402_1005Metric,64.7328,-152.8353,-90.0,top
R80,2.2k,R_0402_1005Metric,35.615805,-117.572947,225.0,bottom
R81,1.2k,R_0402_1005Metric,36.319376,-116.869376,135.0,top
R82,2.2k,R_0402_1005Metric,36.319376,-116.869376,225.0,bottom
R83,1.2k,R_0402_1005Metric,37.022948,-116.165805,135.0,top
R84,2.2k,R_0402_1005Metric,37.022948,-116.165805,225.0,bottom
R85,1.2k,R_0402_1005Metric,37.730054,-115.458698,135.0,top
R86,2.2k,R_0402_1005Metric,37.730624,-115.460624,225.0,bottom
R87,10k,R_0402_1005Metric,74.493333,-112.907167,180.0,bottom
R88,2.3k,R_0402_1005Metric,74.493333,-116.627167,180.0,top
R89,2.3k,R_0402_1005Metric,74.493333,-114.147167,180.0,top
R9,4.7k,R_0402_1005Metric,41.42,-95.16,90.0,bottom
R90,10k,R_0402_1005Metric,74.493333,-115.387167,180.0,bottom
R91,10k,R_0402_1005Metric,74.493333,-114.147167,180.0,bottom
R92,2.3k,R_0402_1005Metric,74.493333,-115.387167,180.0,top
R93,1.2k,R_0402_1005Metric,109.4452,-123.835862,-90.0,top
R94,47,R_0805_2012Metric,102.4075,-119.54,180.0,top
R95,470,R_0402_1005Metric,103.2552,-123.835862,-90.0,top
R96,4.7k,R_0402_1005Metric,70.05,-126.21,180.0,top
R97,1.2k,R_0402_1005Metric,104.4952,-123.835862,-90.0,top
R98,1.2k,R_0402_1005Metric,105.7352,-123.835862,-90.0,top
R99,1.2k,R_0402_1005Metric,106.9752,-123.835862,-90.0,top
U1,AQY221R4VY,SOTFL127P485X190-4N,56.065,-148.728,90.0,top
U10,MCP6002-xMC,DFN-8-1EP_3x2mm_P0.5mm_EP1.75x1.45mm,35.334975,-114.224365,-135.0,top
U11,MCP6002-xMC,DFN-8-1EP_3x2mm_P0.5mm_EP1.75x1.45mm,33.454975,-112.344315,-135.0,top
U12,USBLC6-2SC6,SOT-23-6,32.422583,-150.523915,135.0,bottom
U13,MCP6001-OT,SOT-23-5,56.6125,-121.08,180.0,top
U14,MCP6001-OT,SOT-23-5,61.6825,-141.840001,180.0,top
U2,MCP2561-E-SN,SOIC-8_3.9x4.9mm_P1.27mm,51.308,-111.379,90.0,top
U3,MCP2561-E-SN,SOIC-8_3.9x4.9mm_P1.27mm,45.593,-111.379,90.0,top
U4,AQY221R4VY,SOTFL127P485X190-4N,59.165,-148.728,90.0,top
U5,AQY221R4VY,SOTFL127P485X190-4N,62.265,-148.728,90.0,top
U6,AQY221R4VY,SOTFL127P485X190-4N,65.365,-148.728,90.0,top
U8,MCP6002-xMC,DFN-8-1EP_3x2mm_P0.5mm_EP1.75x1.45mm,31.544365,-118.014975,-135.0,top
U9,MCP6002-xMC,DFN-8-1EP_3x2mm_P0.5mm_EP1.75x1.45mm,29.665196,-116.131808,-135.0,top
Y1,16Mhz,Crystal_SMD_2016-4Pin_2.0x1.6mm,51.062658,-121.379522,45.0,top
Y2,32KHz,Crystal_SMD_3215-2Pin_3.2x1.5mm,55.98,-126.19,-135.0,top
