timestamp,total_i_mA,batt_mV,core_temp_C,safety,ch1_name,ch1_status,ch1_state,ch1_voltage_mV,ch1_i_inst_mA,ch1_i_avg_mA,ch2_name,ch2_status,ch2_state,ch2_voltage_mV,ch2_i_inst_mA,ch2_i_avg_mA,ch3_name,ch3_status,ch3_state,ch3_voltage_mV,ch3_i_inst_mA,ch3_i_avg_mA,ch4_name,ch4_status,ch4_state,ch4_voltage_mV,ch4_i_inst_mA,ch4_i_avg_mA,ch5_name,ch5_status,ch5_state,ch5_voltage_mV,ch5_i_inst_mA,ch5_i_avg_mA,ch6_name,ch6_status,ch6_state,ch6_voltage_mV,ch6_i_inst_mA,ch6_i_avg_mA,ch7_name,ch7_status,ch7_state,ch7_voltage_mV,ch7_i_inst_mA,ch7_i_avg_mA,ch8_name,ch8_status,ch8_state,ch8_voltage_mV,ch8_i_inst_mA,ch8_i_avg_mA,ch9_name,ch9_status,ch9_state,ch9_voltage_mV,ch9_i_inst_mA,ch9_i_avg_mA,ch10_name,ch10_status,ch10_state,ch10_voltage_mV,ch10_i_inst_mA,ch10_i_avg_mA,ch11_name,ch11_status,ch11_state,ch11_voltage_mV,ch11_i_inst_mA,ch11_i_avg_mA,ch12_name,ch12_status,ch12_state,ch12_voltage_mV,ch12_i_inst_mA,ch12_i_avg_mA,ch13_name,ch13_status,ch13_state,ch13_voltage_mV,ch13_i_inst_mA,ch13_i_avg_mA,ch14_name,ch14_status,ch14_state,ch14_voltage_mV,ch14_i_inst_mA,ch14_i_avg_mA,ch15_name,ch15_status,ch15_state,ch15_voltage_mV,ch15_i_inst_mA,ch15_i_avg_mA,ch16_name,ch16_status,ch16_state,ch16_voltage_mV,ch16_i_inst_mA,ch16_i_avg_mA
1778946005.3356836,0.0,0,0.0,0,,0,0,0,0,0.0,,0,0,0,0,0.0,,0,0,0,0,0.0,,0,0,0,0,0.0,,0,0,0,0,0.0,,0,0,0,0,0.0,,0,0,0,0,0.0,,0,0,0,0,0.0,,0,0,0,0,0.0,,0,0,0,0,0.0,,0,0,0,0,0.0,,0,0,0,0,0.0,,0,0,0,0,0.0,,0,0,0,0,0.0,,0,0,0,0,0.0,,0,0,0,0,0.0
1778946005.3863616,0.0,0,0.0,0,,0,0,0,0,0.0,,0,0,0,0,0.0,,0,0,0,0,0.0,,0,0,0,0,0.0,,0,0,0,0,0.0,,0,0,0,0,0.0,,0,0,0,0,0.0,,0,0,0,0,0.0,,0,0,0,0,0.0,,0,0,0,0,0.0,,0,0,0,0,0.0,,0,0,0,0,0.0,,0,0,0,0,0.0,,0,0,0,0,0.0,,0,0,0,0,0.0,,0,0,0,0,0.0
1778946005.4372714,0.0,0,0.0,0,,0,0,0,0,0.0,,0,0,0,0,0.0,,0,0,0,0,0.0,,0,0,0,0,0.0,,0,0,0,0,0.0,,0,0,0,0,0.0,,0,0,0,0,0.0,,0,0,0,0,0.0,,0,0,0,0,0.0,,0,0,0,0,0.0,,0,0,0,0,0.0,,0,0,0,0,0.0,,0,0,0,0,0.0,,0,0,0,0,0.0,,0,0,0,0,0.0,,0,0,0,0,0.0
1778946005.488034,0.0,0,0.0,0,,0,0,0,0,0.0,,0,0,0,0,0.0,,0,0,0,0,0.0,,0,0,0,0,0.0,,0,0,0,0,0.0,,0,0,0,0,0.0,,0,0,0,0,0.0,,0,0,0,0,0.0,,0,0,0,0,0.0,,0,0,0,0,0.0,,0,0,0,0,0.0,,0,0,0,0,0.0,,0,0,0,0,0.0,,0,0,0,0,0.0,,0,0,0,0,0.0,,0,0,0,0,0.0
1778946005.5388339,0.0,0,0.0,0,,0,0,0,0,0.0,,0,0,0,0,0.0,,0,0,0,0,0.0,,0,0,0,0,0.0,,0,0,0,0,0.0,,0,0,0,0,0.0,,0,0,0,0,0.0,,0,0,0,0,0.0,,0,0,0,0,0.0,,0,0,0,0,0.0,,0,0,0,0,0.0,,0,0,0,0,0.0,,0,0,0,0,0.0,,0,0,0,0,0.0,,0,0,0,0,0.0,,0,0,0,0,0.0
1778946005.5907302,0.0,0,0.0,0,,0,0,0,0,0.0,,0,0,0,0,0.0,,0,0,0,0,0.0,,0,0,0,0,0.0,,0,0,0,0,0.0,,0,0,0,0,0.0,,0,0,0,0,0.0,,0,0,0,0,0.0,,0,0,0,0,0.0,,0,0,0,0,0.0,,0,0,0,0,0.0,,0,0,0,0,0.0,,0,0,0,0,0.0,,0,0,0,0,0.0,,0,0,0,0,0.0,,0,0,0,0,0.0
1778946005.640981,0.0,0,0.0,0,,0,0,0,0,0.0,,0,0,0,0,0.0,,0,0,0,0,0.0,,0,0,0,0,0.0,,0,0,0,0,0.0,,0,0,0,0,0.0,,0,0,0,0,0.0,,0,0,0,0,0.0,,0,0,0,0,0.0,,0,0,0,0,0.0,,0,0,0,0,0.0,,0,0,0,0,0.0,,0,0,0,0,0.0,,0,0,0,0,0.0,,0,0,0,0,0.0,,0,0,0,0,0.0
1778946005.691929,0.0,0,0.0,0,,0,0,0,0,0.0,,0,0,0,0,0.0,,0,0,0,0,0.0,,0,0,0,0,0.0,,0,0,0,0,0.0,,0,0,0,0,0.0,,0,0,0,0,0.0,,0,0,0,0,0.0,,0,0,0,0,0.0,,0,0,0,0,0.0,,0,0,0,0,0.0,,0,0,0,0,0.0,,0,0,0,0,0.0,,0,0,0,0,0.0,,0,0,0,0,0.0,,0,0,0,0,0.0
1778946005.7525814,0.0,0,0.0,0,,0,0,0,0,0.0,,0,0,0,0,0.0,,0,0,0,0,0.0,,0,0,0,0,0.0,,0,0,0,0,0.0,,0,0,0,0,0.0,,0,0,0,0,0.0,,0,0,0,0,0.0,,0,0,0,0,0.0,,0,0,0,0,0.0,,0,0,0,0,0.0,,0,0,0,0,0.0,,0,0,0,0,0.0,,0,0,0,0,0.0,,0,0,0,0,0.0,,0,0,0,0,0.0
1778946005.8082783,0.0,0,0.0,0,,0,0,0,0,0.0,,0,0,0,0,0.0,,0,0,0,0,0.0,,0,0,0,0,0.0,,0,0,0,0,0.0,,0,0,0,0,0.0,,0,0,0,0,0.0,,0,0,0,0,0.0,,0,0,0,0,0.0,,0,0,0,0,0.0,,0,0,0,0,0.0,,0,0,0,0,0.0,,0,0,0,0,0.0,,0,0,0,0,0.0,,0,0,0,0,0.0,,0,0,0,0,0.0
1778946005.8587716,0.0,0,0.0,0,,0,0,0,0,0.0,,0,0,0,0,0.0,,0,0,0,0,0.0,,0,0,0,0,0.0,,0,0,0,0,0.0,,0,0,0,0,0.0,,0,0,0,0,0.0,,0,0,0,0,0.0,,0,0,0,0,0.0,,0,0,0,0,0.0,,0,0,0,0,0.0,,0,0,0,0,0.0,,0,0,0,0,0.0,,0,0,0,0,0.0,,0,0,0,0,0.0,,0,0,0,0,0.0
1778946005.9098592,0.0,0,0.0,0,,0,0,0,0,0.0,,0,0,0,0,0.0,,0,0,0,0,0.0,,0,0,0,0,0.0,,0,0,0,0,0.0,,0,0,0,0,0.0,,0,0,0,0,0.0,,0,0,0,0,0.0,,0,0,0,0,0.0,,0,0,0,0,0.0,,0,0,0,0,0.0,,0,0,0,0,0.0,,0,0,0,0,0.0,,0,0,0,0,0.0,,0,0,0,0,0.0,,0,0,0,0,0.0
1778946005.9607391,0.0,0,0.0,0,,0,0,0,0,0.0,,0,0,0,0,0.0,,0,0,0,0,0.0,,0,0,0,0,0.0,,0,0,0,0,0.0,,0,0,0,0,0.0,,0,0,0,0,0.0,,0,0,0,0,0.0,,0,0,0,0,0.0,,0,0,0,0,0.0,,0,0,0,0,0.0,,0,0,0,0,0.0,,0,0,0,0,0.0,,0,0,0,0,0.0,,0,0,0,0,0.0,,0,0,0,0,0.0
1778946006.0118587,0.0,0,0.0,0,,0,0,0,0,0.0,,0,0,0,0,0.0,,0,0,0,0,0.0,,0,0,0,0,0.0,,0,0,0,0,0.0,,0,0,0,0,0.0,,0,0,0,0,0.0,,0,0,0,0,0.0,,0,0,0,0,0.0,,0,0,0,0,0.0,,0,0,0,0,0.0,,0,0,0,0,0.0,,0,0,0,0,0.0,,0,0,0,0,0.0,,0,0,0,0,0.0,,0,0,0,0,0.0
1778946006.062779,0.0,0,0.0,0,,0,0,0,0,0.0,,0,0,0,0,0.0,,0,0,0,0,0.0,,0,0,0,0,0.0,,0,0,0,0,0.0,,0,0,0,0,0.0,,0,0,0,0,0.0,,0,0,0,0,0.0,,0,0,0,0,0.0,,0,0,0,0,0.0,,0,0,0,0,0.0,,0,0,0,0,0.0,,0,0,0,0,0.0,,0,0,0,0,0.0,,0,0,0,0,0.0,,0,0,0,0,0.0
1778946006.116543,0.0,0,0.0,0,,0,0,0,0,0.0,,0,0,0,0,0.0,,0,0,0,0,0.0,,0,0,0,0,0.0,,0,0,0,0,0.0,,0,0,0,0,0.0,,0,0,0,0,0.0,,0,0,0,0,0.0,,0,0,0,0,0.0,,0,0,0,0,0.0,,0,0,0,0,0.0,,0,0,0,0,0.0,,0,0,0,0,0.0,,0,0,0,0,0.0,,0,0,0,0,0.0,,0,0,0,0,0.0
1778946006.166796,0.0,0,0.0,0,,0,0,0,0,0.0,,0,0,0,0,0.0,,0,0,0,0,0.0,,0,0,0,0,0.0,,0,0,0,0,0.0,,0,0,0,0,0.0,,0,0,0,0,0.0,,0,0,0,0,0.0,,0,0,0,0,0.0,,0,0,0,0,0.0,,0,0,0,0,0.0,,0,0,0,0,0.0,,0,0,0,0,0.0,,0,0,0,0,0.0,,0,0,0,0,0.0,,0,0,0,0,0.0
1778946006.218094,0.0,0,0.0,0,,0,0,0,0,0.0,,0,0,0,0,0.0,,0,0,0,0,0.0,,0,0,0,0,0.0,,0,0,0,0,0.0,,0,0,0,0,0.0,,0,0,0,0,0.0,,0,0,0,0,0.0,,0,0,0,0,0.0,,0,0,0,0,0.0,,0,0,0,0,0.0,,0,0,0,0,0.0,,0,0,0,0,0.0,,0,0,0,0,0.0,,0,0,0,0,0.0,,0,0,0,0,0.0
1778946006.2687435,0.0,0,0.0,0,,0,0,0,0,0.0,,0,0,0,0,0.0,,0,0,0,0,0.0,,0,0,0,0,0.0,,0,0,0,0,0.0,,0,0,0,0,0.0,,0,0,0,0,0.0,,0,0,0,0,0.0,,0,0,0,0,0.0,,0,0,0,0,0.0,,0,0,0,0,0.0,,0,0,0,0,0.0,,0,0,0,0,0.0,,0,0,0,0,0.0,,0,0,0,0,0.0,,0,0,0,0,0.0
1778946006.3200243,0.0,0,0.0,0,,0,0,0,0,0.0,,0,0,0,0,0.0,,0,0,0,0,0.0,,0,0,0,0,0.0,,0,0,0,0,0.0,,0,0,0,0,0.0,,0,0,0,0,0.0,,0,0,0,0,0.0,,0,0,0,0,0.0,,0,0,0,0,0.0,,0,0,0,0,0.0,,0,0,0,0,0.0,,0,0,0,0,0.0,,0,0,0,0,0.0,,0,0,0,0,0.0,,0,0,0,0,0.0
1778946006.3706412,0.0,0,0.0,0,,0,0,0,0,0.0,,0,0,0,0,0.0,,0,0,0,0,0.0,,0,0,0,0,0.0,,0,0,0,0,0.0,,0,0,0,0,0.0,,0,0,0,0,0.0,,0,0,0,0,0.0,,0,0,0,0,0.0,,0,0,0,0,0.0,,0,0,0,0,0.0,,0,0,0,0,0.0,,0,0,0,0,0.0,,0,0,0,0,0.0,,0,0,0,0,0.0,,0,0,0,0,0.0
1778946006.4230292,0.0,0,0.0,0,,0,0,0,0,0.0,,0,0,0,0,0.0,,0,0,0,0,0.0,,0,0,0,0,0.0,,0,0,0,0,0.0,,0,0,0,0,0.0,,0,0,0,0,0.0,,0,0,0,0,0.0,,0,0,0,0,0.0,,0,0,0,0,0.0,,0,0,0,0,0.0,,0,0,0,0,0.0,,0,0,0,0,0.0,,0,0,0,0,0.0,,0,0,0,0,0.0,,0,0,0,0,0.0
1778946006.473912,0.0,0,0.0,0,,0,0,0,0,0.0,,0,0,0,0,0.0,,0,0,0,0,0.0,,0,0,0,0,0.0,,0,0,0,0,0.0,,0,0,0,0,0.0,,0,0,0,0,0.0,,0,0,0,0,0.0,,0,0,0,0,0.0,,0,0,0,0,0.0,,0,0,0,0,0.0,,0,0,0,0,0.0,,0,0,0,0,0.0,,0,0,0,0,0.0,,0,0,0,0,0.0,,0,0,0,0,0.0
1778946006.5280476,0.0,0,0.0,0,,0,0,0,0,0.0,,0,0,0,0,0.0,,0,0,0,0,0.0,,0,0,0,0,0.0,,0,0,0,0,0.0,,0,0,0,0,0.0,,0,0,0,0,0.0,,0,0,0,0,0.0,,0,0,0,0,0.0,,0,0,0,0,0.0,,0,0,0,0,0.0,,0,0,0,0,0.0,,0,0,0,0,0.0,,0,0,0,0,0.0,,0,0,0,0,0.0,,0,0,0,0,0.0
1778946006.578746,0.0,0,0.0,0,,0,0,0,0,0.0,,0,0,0,0,0.0,,0,0,0,0,0.0,,0,0,0,0,0.0,,0,0,0,0,0.0,,0,0,0,0,0.0,,0,0,0,0,0.0,,0,0,0,0,0.0,,0,0,0,0,0.0,,0,0,0,0,0.0,,0,0,0,0,0.0,,0,0,0,0,0.0,,0,0,0,0,0.0,,0,0,0,0,0.0,,0,0,0,0,0.0,,0,0,0,0,0.0
1778946006.6334195,0.0,0,0.0,0,,0,0,0,0,0.0,,0,0,0,0,0.0,,0,0,0,0,0.0,,0,0,0,0,0.0,,0,0,0,0,0.0,,0,0,0,0,0.0,,0,0,0,0,0.0,,0,0,0,0,0.0,,0,0,0,0,0.0,,0,0,0,0,0.0,,0,0,0,0,0.0,,0,0,0,0,0.0,,0,0,0,0,0.0,,0,0,0,0,0.0,,0,0,0,0,0.0,,0,0,0,0,0.0
1778946006.6843507,0.0,0,0.0,0,,0,0,0,0,0.0,,0,0,0,0,0.0,,0,0,0,0,0.0,,0,0,0,0,0.0,,0,0,0,0,0.0,,0,0,0,0,0.0,,0,0,0,0,0.0,,0,0,0,0,0.0,,0,0,0,0,0.0,,0,0,0,0,0.0,,0,0,0,0,0.0,,0,0,0,0,0.0,,0,0,0,0,0.0,,0,0,0,0,0.0,,0,0,0,0,0.0,,0,0,0,0,0.0
1778946006.7356002,0.0,0,0.0,0,,0,0,0,0,0.0,,0,0,0,0,0.0,,0,0,0,0,0.0,,0,0,0,0,0.0,,0,0,0,0,0.0,,0,0,0,0,0.0,,0,0,0,0,0.0,,0,0,0,0,0.0,,0,0,0,0,0.0,,0,0,0,0,0.0,,0,0,0,0,0.0,,0,0,0,0,0.0,,0,0,0,0,0.0,,0,0,0,0,0.0,,0,0,0,0,0.0,,0,0,0,0,0.0
1778946006.8053281,0.0,0,0.0,0,,0,0,0,0,0.0,,0,0,0,0,0.0,,0,0,0,0,0.0,,0,0,0,0,0.0,,0,0,0,0,0.0,,0,0,0,0,0.0,,0,0,0,0,0.0,,0,0,0,0,0.0,,0,0,0,0,0.0,,0,0,0,0,0.0,,0,0,0,0,0.0,,0,0,0,0,0.0,,0,0,0,0,0.0,,0,0,0,0,0.0,,0,0,0,0,0.0,,0,0,0,0,0.0
1778946006.8651447,0.0,0,0.0,0,,0,0,0,0,0.0,,0,0,0,0,0.0,,0,0,0,0,0.0,,0,0,0,0,0.0,,0,0,0,0,0.0,,0,0,0,0,0.0,,0,0,0,0,0.0,,0,0,0,0,0.0,,0,0,0,0,0.0,,0,0,0,0,0.0,,0,0,0,0,0.0,,0,0,0,0,0.0,,0,0,0,0,0.0,,0,0,0,0,0.0,,0,0,0,0,0.0,,0,0,0,0,0.0
1778946006.917311,0.0,0,0.0,0,,0,0,0,0,0.0,,0,0,0,0,0.0,,0,0,0,0,0.0,,0,0,0,0,0.0,,0,0,0,0,0.0,,0,0,0,0,0.0,,0,0,0,0,0.0,,0,0,0,0,0.0,,0,0,0,0,0.0,,0,0,0,0,0.0,,0,0,0,0,0.0,,0,0,0,0,0.0,,0,0,0,0,0.0,,0,0,0,0,0.0,,0,0,0,0,0.0,,0,0,0,0,0.0
1778946006.968576,0.0,0,0.0,0,,0,0,0,0,0.0,,0,0,0,0,0.0,,0,0,0,0,0.0,,0,0,0,0,0.0,,0,0,0,0,0.0,,0,0,0,0,0.0,,0,0,0,0,0.0,,0,0,0,0,0.0,,0,0,0,0,0.0,,0,0,0,0,0.0,,0,0,0,0,0.0,,0,0,0,0,0.0,,0,0,0,0,0.0,,0,0,0,0,0.0,,0,0,0,0,0.0,,0,0,0,0,0.0
1778946007.0216017,0.0,0,0.0,0,,0,0,0,0,0.0,,0,0,0,0,0.0,,0,0,0,0,0.0,,0,0,0,0,0.0,,0,0,0,0,0.0,,0,0,0,0,0.0,,0,0,0,0,0.0,,0,0,0,0,0.0,,0,0,0,0,0.0,,0,0,0,0,0.0,,0,0,0,0,0.0,,0,0,0,0,0.0,,0,0,0,0,0.0,,0,0,0,0,0.0,,0,0,0,0,0.0,,0,0,0,0,0.0
1778946007.0799334,0.0,0,0.0,0,,0,0,0,0,0.0,,0,0,0,0,0.0,,0,0,0,0,0.0,,0,0,0,0,0.0,,0,0,0,0,0.0,,0,0,0,0,0.0,,0,0,0,0,0.0,,0,0,0,0,0.0,,0,0,0,0,0.0,,0,0,0,0,0.0,,0,0,0,0,0.0,,0,0,0,0,0.0,,0,0,0,0,0.0,,0,0,0,0,0.0,,0,0,0,0,0.0,,0,0,0,0,0.0
1778946007.1334155,0.0,0,0.0,0,,0,0,0,0,0.0,,0,0,0,0,0.0,,0,0,0,0,0.0,,0,0,0,0,0.0,,0,0,0,0,0.0,,0,0,0,0,0.0,,0,0,0,0,0.0,,0,0,0,0,0.0,,0,0,0,0,0.0,,0,0,0,0,0.0,,0,0,0,0,0.0,,0,0,0,0,0.0,,0,0,0,0,0.0,,0,0,0,0,0.0,,0,0,0,0,0.0,,0,0,0,0,0.0
1778946007.1846938,0.0,0,0.0,0,,0,0,0,0,0.0,,0,0,0,0,0.0,,0,0,0,0,0.0,,0,0,0,0,0.0,,0,0,0,0,0.0,,0,0,0,0,0.0,,0,0,0,0,0.0,,0,0,0,0,0.0,,0,0,0,0,0.0,,0,0,0,0,0.0,,0,0,0,0,0.0,,0,0,0,0,0.0,,0,0,0,0,0.0,,0,0,0,0,0.0,,0,0,0,0,0.0,,0,0,0,0,0.0
1778946007.2377717,0.0,0,0.0,0,,0,0,0,0,0.0,,0,0,0,0,0.0,,0,0,0,0,0.0,,0,0,0,0,0.0,,0,0,0,0,0.0,,0,0,0,0,0.0,,0,0,0,0,0.0,,0,0,0,0,0.0,,0,0,0,0,0.0,,0,0,0,0,0.0,,0,0,0,0,0.0,,0,0,0,0,0.0,,0,0,0,0,0.0,,0,0,0,0,0.0,,0,0,0,0,0.0,,0,0,0,0,0.0
1778946007.2880888,0.0,0,0.0,0,,0,0,0,0,0.0,,0,0,0,0,0.0,,0,0,0,0,0.0,,0,0,0,0,0.0,,0,0,0,0,0.0,,0,0,0,0,0.0,,0,0,0,0,0.0,,0,0,0,0,0.0,,0,0,0,0,0.0,,0,0,0,0,0.0,,0,0,0,0,0.0,,0,0,0,0,0.0,,0,0,0,0,0.0,,0,0,0,0,0.0,,0,0,0,0,0.0,,0,0,0,0,0.0
1778946007.338991,0.0,0,0.0,0,,0,0,0,0,0.0,,0,0,0,0,0.0,,0,0,0,0,0.0,,0,0,0,0,0.0,,0,0,0,0,0.0,,0,0,0,0,0.0,,0,0,0,0,0.0,,0,0,0,0,0.0,,0,0,0,0,0.0,,0,0,0,0,0.0,,0,0,0,0,0.0,,0,0,0,0,0.0,,0,0,0,0,0.0,,0,0,0,0,0.0,,0,0,0,0,0.0,,0,0,0,0,0.0
